_id,Neighborhood,Id,Estimate; Total:,Margin of Error; Total:,"Estimate; Total: - Less than $10,000","Margin of Error; Total: - Less than $10,000","Estimate; Total: - $10,000 to $14,999","Margin of Error; Total: - $10,000 to $14,999","Estimate; Total: - $15,000 to $19,999","Margin of Error; Total: - $15,000 to $19,999","Estimate; Total: - $20,000 to $24,999","Margin of Error; Total: - $20,000 to $24,999","Estimate; Total: - $25,000 to $29,999","Margin of Error; Total: - $25,000 to $29,999","Estimate; Total: - $30,000 to $34,999","Margin of Error; Total: - $30,000 to $34,999","Estimate; Total: - $35,000 to $39,999","Margin of Error; Total: - $35,000 to $39,999","Estimate; Total: - $40,000 to $44,999","Margin of Error; Total: - $40,000 to $44,999","Estimate; Total: - $45,000 to $49,999","Margin of Error; Total: - $45,000 to $49,999","Estimate; Total: - $50,000 to $59,999","Margin of Error; Total: - $50,000 to $59,999","Estimate; Total: - $60,000 to $74,999","Margin of Error; Total: - $60,000 to $74,999","Estimate; Total: - $75,000 to $99,999","Margin of Error; Total: - $75,000 to $99,999","Estimate; Total: - $100,000 to $124,999","Margin of Error; Total: - $100,000 to $124,999","Estimate; Total: - $125,000 to $149,999","Margin of Error; Total: - $125,000 to $149,999","Estimate; Total: - $150,000 to $199,999","Margin of Error; Total: - $150,000 to $199,999","Estimate; Total: - $200,000 or more","Margin of Error; Total: - $200,000 or more",weightsIncome,weightsRent,rentIncomeRatio
64,Point Breeze,64,2342.0,137.433620341,144.0,67.394361782,91.0,46.1627555503,85.0,47.6550102297,44.0,34.0147027034,91.0,62.0966987851,35.0,32.8633534503,33.0,30.9192496674,77.0,51.7107338954,74.0,41.2795348811,205.0,70.9929573972,103.0,45.4642716867,245.0,63.0079360081,229.0,61.2045749925,138.0,51.0294032888,266.0,62.9523629421,482.0,78.8542960149,0.07553586678052945,0.7589115646258503,0.0995318431044983
2,Allegheny West,2,146.0,36.0,0.0,10.0,3.0,7.0,4.0,6.0,15.0,10.0,20.0,15.0,12.0,16.0,0.0,10.0,16.0,13.0,4.0,6.0,7.0,10.0,4.0,8.0,11.0,10.0,20.0,17.0,0.0,10.0,9.0,13.0,21.0,24.0,0.05924657534246575,0.6424657534246575,0.09221748400852879
27,East Carnegie,27,264.0,39.0,5.0,9.0,14.0,14.0,22.0,16.0,19.0,14.0,6.0,9.0,17.0,15.0,6.0,10.0,17.0,15.0,10.0,8.0,49.0,27.0,37.0,27.0,21.0,16.0,41.0,39.0,0.0,10.0,0.0,10.0,0.0,10.0,0.04047348484848484,0.4582352941176471,0.08832467810324035
67,Regent Square,67,476.0,28.0,10.0,11.0,22.0,18.0,24.0,19.0,12.0,13.0,10.0,11.0,12.0,13.0,9.0,9.0,16.0,14.0,17.0,15.0,39.0,23.0,56.0,25.0,52.0,25.0,47.0,23.0,38.0,23.0,59.0,32.0,53.0,28.0,0.06904411764705881,0.793939393939394,0.08696396497530308
80,Stanton Heights,80,2056.0,129.046503246,96.0,47.9270278653,94.0,47.2440472441,146.0,55.072679252,148.0,70.3562363974,130.0,53.4228415568,79.0,49.8598034493,90.0,51.9903837263,105.0,52.668776329,115.0,49.2848861215,223.0,81.4493707772,223.0,78.8035532194,282.0,85.9069263797,83.0,39.6106046407,112.0,65.4064217031,62.0,35.9165699921,68.0,47.8225888049,0.045321011673151744,0.5499999999999999,0.08240183940573045
49,Manchester,49,984.0,119.331471121,117.0,53.600373133,86.0,58.5234995536,56.0,39.2173431023,32.0,28.319604517,99.0,55.0726792521,56.0,33.3016516107,36.0,27.8028775489,105.0,46.9574275275,61.0,47.5078940809,71.0,39.8246155035,58.0,31.8276609257,82.0,42.8018691181,31.0,28.7923600978,9.0,17.2046505341,46.0,47.4236228055,39.0,42.201895692,0.0385010162601626,0.47131336405529956,0.0816887854163313
12,Bon Air,12,372.0,71.0,5.0,7.0,6.0,9.0,46.0,55.0,29.0,25.0,27.0,20.0,0.0,10.0,8.0,12.0,2.0,4.0,17.0,21.0,49.0,34.0,79.0,48.0,58.0,33.0,22.0,22.0,18.0,19.0,6.0,17.0,0.0,10.0,0.04379032258064516,0.5380434782608695,0.0813880742913001
23,Crafton Heights,23,1677.0,126.795110316,244.0,68.9710084021,99.0,51.4684369298,92.0,50.7346035758,101.0,44.8330235429,75.0,36.8646171824,130.0,56.7009700094,67.0,28.6530975638,129.0,52.4690384894,72.0,42.6848919408,129.0,49.7795138586,181.0,59.2452529744,191.0,76.1774244773,82.0,40.5215991787,22.0,20.4450483003,56.0,28.5832118559,7.0,20.0,0.03565891472868217,0.44341463414634147,0.08041889460263855
62,Perry North,62,1625.0,132.238421044,108.0,50.199601592,72.0,43.3474336034,56.0,34.9141805002,112.0,55.7404700375,88.0,42.5323406363,132.0,64.0156230932,162.0,70.9859140957,110.0,46.4542785973,79.0,47.2334627144,144.0,49.0611862881,102.0,40.4227658629,149.0,58.36951259,105.0,42.4970587217,73.0,31.906112267,80.0,45.8475735454,53.0,35.5668384875,0.045030769230769235,0.5655818540433925,0.07961848299912817
33,Fineview,33,624.0,108.931170929,169.0,67.2011904656,61.0,38.275318418,64.0,53.3666562565,49.0,32.5576411922,58.0,44.1474801093,21.0,17.0,14.0,19.6468827044,0.0,14.1421356237,11.0,10.8166538264,23.0,14.2126704036,34.0,28.3019433962,68.0,50.0899191455,0.0,14.1421356237,8.0,8.60232526704,44.0,34.3656805549,0.0,14.1421356237,0.02778846153846154,0.34987745098039214,0.07942341371413177
76,Spring Hill-City View,76,1080.0,138.166566144,131.0,84.6522297403,181.0,104.004807581,91.0,53.3385414124,88.0,65.4293512118,116.0,67.2383818961,66.0,39.8998746865,23.0,26.1533936613,67.0,73.9188744503,9.0,19.8997487421,66.0,47.8016736109,84.0,42.4499705536,52.0,37.7094152699,56.0,41.5331193146,20.0,26.776855678,22.0,22.5831795813,8.0,19.2093727123,0.028648148148148145,0.3644836272040302,0.07859927308095932
55,Mt. Oliver,55,261.0,57.0,39.0,38.0,5.0,7.0,20.0,17.0,10.0,10.0,0.0,10.0,25.0,28.0,29.0,21.0,5.0,7.0,5.0,8.0,10.0,11.0,47.0,35.0,49.0,26.0,8.0,8.0,5.0,7.0,0.0,10.0,4.0,7.0,0.03710727969348659,0.4747058823529412,0.07816899068020718
13,Brighton Heights,13,3222.0,192.234232123,233.0,91.6187753683,199.0,67.9485099175,229.0,80.099937578,136.0,69.3685807842,81.0,53.4134814443,199.0,90.7634287586,144.0,63.8827050148,177.0,78.3134726595,134.0,54.8087584241,237.0,72.9725975966,466.0,115.874932578,435.0,109.745159346,295.0,90.8240056373,104.0,45.6946386352,131.0,65.3222779762,22.0,31.0,0.043469894475481066,0.5576442307692309,0.07795273774377154
82,Summer Hill,82,517.0,16.0,6.0,10.0,5.0,8.0,9.0,12.0,16.0,14.0,29.0,18.0,23.0,25.0,29.0,24.0,49.0,34.0,17.0,14.0,85.0,29.0,49.0,27.0,93.0,38.0,64.0,29.0,27.0,23.0,6.0,11.0,10.0,13.0,0.051025145067698265,0.6545774647887325,0.07795127057141639
46,Lincoln Place,46,1460.0,139.907112043,56.0,47.9374592568,119.0,69.173694422,94.0,44.6430285711,66.0,47.3919824443,100.0,59.7327380922,94.0,53.646994324,73.0,47.906158268,71.0,38.8715834511,109.0,57.6714834212,139.0,56.6127194189,151.0,58.8472599191,164.0,68.5200700526,61.0,46.2385120868,108.0,68.8403951181,55.0,38.3666521865,0.0,22.360679775,0.04233219178082192,0.5461139896373057,0.07751530373528112
77,Squirrel Hill North,77,3370.0,187.890925805,283.0,92.1683242768,98.0,56.9385633819,101.0,52.9622507075,88.0,48.938737213,101.0,50.5964425626,74.0,43.3704968844,107.0,57.636793804,47.0,41.2916456441,86.0,52.2876658496,59.0,42.8485705711,285.0,103.024268985,321.0,86.5794432877,347.0,89.9388681272,69.0,46.1085675336,369.0,106.018866246,935.0,133.566462856,0.08025222551928783,1.0475157728706626,0.07661194952641216
19,Central Northside,19,1479.0,113.929802949,174.0,58.1291665173,180.0,61.400325732,146.0,72.7804918917,56.0,35.0570962859,60.0,33.5410196625,72.0,39.862262856,42.0,26.1533936613,68.0,42.0238027789,30.0,18.6815416923,53.0,33.5410196625,133.0,48.6826457785,170.0,51.4781507049,91.0,34.7706773015,116.0,46.1410879802,24.0,20.4205778567,64.0,28.6356421266,0.041446923597025016,0.56064209274673,0.07392759861102448
40,Highland Park,40,2977.0,243.973359202,250.0,101.567711405,127.0,79.0885579587,195.0,94.6255779375,63.0,50.0099990003,179.0,112.565536467,238.0,128.241958813,169.0,97.1853898485,54.0,55.6147462459,154.0,101.950968608,237.0,97.534609242,272.0,105.74497624,306.0,113.190105575,166.0,85.2232362681,53.0,44.6766158073,188.0,84.4630096551,326.0,110.688752816,0.05339435673496809,0.7242711864406781,0.07372149787894591
8,Beechview,8,3567.0,258.027130357,269.0,102.547549946,136.0,64.8228354824,244.0,100.064978889,241.0,94.7048045245,339.0,119.678736624,167.0,83.4266144584,221.0,91.673333091,306.0,120.710397233,138.0,59.3801313572,309.0,99.2018144995,328.0,102.244804269,427.0,114.01754251,279.0,102.990290805,87.0,50.1896403654,45.0,40.5832477754,31.0,36.2491379208,0.038232408186150826,0.5242672119972734,0.07292542297371377
83,Swisshelm Park,83,577.0,58.0,21.0,15.0,21.0,16.0,37.0,30.0,14.0,13.0,32.0,26.0,18.0,17.0,17.0,14.0,14.0,13.0,16.0,14.0,41.0,23.0,94.0,45.0,115.0,38.0,63.0,27.0,34.0,22.0,26.0,17.0,14.0,14.0,0.0525736568457539,0.7270000000000002,0.07231589662414564
14,Brookline,14,5843.0,327.694980128,289.0,106.34378214,220.0,75.973679653,466.0,134.249767226,271.0,98.407316801,484.0,167.681245225,422.0,128.316016148,194.0,75.4320886627,239.0,94.3927963355,275.0,91.0164820238,414.0,134.617977997,968.0,196.494274726,674.0,147.986485871,433.0,110.118118401,216.0,86.1742420912,151.0,103.95191196,127.0,65.2150289427,0.04359233270580182,0.6076777847702959,0.07173593275633708
90,Westwood,90,1492.0,112.53888217,101.0,46.6476151588,66.0,58.9406481132,72.0,38.2883794382,111.0,56.3205113613,67.0,42.0594816896,138.0,73.1095069057,49.0,34.885527085,38.0,27.2946881279,26.0,34.4818792991,204.0,70.8025423272,121.0,55.9016994375,221.0,74.966659256,123.0,66.4830805544,80.0,61.400325732,65.0,56.8594759033,10.0,18.0277563773,0.04469504021447721,0.6233067729083664,0.07170632850005614
52,Morningside,52,1534.0,141.55564277,69.0,44.833023543,108.0,57.0876519048,153.0,70.0,62.0,35.1994318136,113.0,74.8398289683,65.0,49.4165964024,101.0,57.0175411606,89.0,46.2601340249,52.0,34.741905532,102.0,64.0546641549,187.0,73.8715100698,183.0,75.039989339,149.0,59.2452529745,25.0,23.643180835,65.0,38.6522961802,11.0,25.7099202643,0.041382007822685786,0.5838645418326692,0.0708760420572783
37,Greenfield,37,3438.0,251.708164349,227.0,98.8685996665,128.0,86.758284907,170.0,75.6571212775,137.0,64.7996913573,91.0,56.6127194189,260.0,132.9624007,243.0,104.642247682,80.0,78.6193360441,168.0,102.854265833,300.0,110.945932778,413.0,139.828466344,441.0,141.124058899,326.0,108.848518594,151.0,84.3504593941,145.0,71.6589143094,158.0,92.7361849549,0.04988656195462478,0.7094051446945338,0.07032168053433793
66,Polish Hill,66,710.0,77.8973683766,29.0,22.4722050542,68.0,26.9258240357,109.0,54.3783044973,57.0,41.7731971484,53.0,22.6715680975,19.0,16.6433169771,45.0,24.6981780705,44.0,28.0178514522,21.0,16.4012194669,30.0,25.2982212813,56.0,30.4138126515,79.0,39.4461658466,22.0,17.4642491966,39.0,23.8537208838,18.0,19.7230829233,21.0,16.6433169771,0.0385774647887324,0.5580736543909348,0.06912611710874385
21,Chartiers City,21,271.0,60.0,48.0,38.0,14.0,17.0,16.0,26.0,8.0,13.0,0.0,10.0,29.0,23.0,35.0,39.0,0.0,10.0,9.0,14.0,39.0,42.0,15.0,18.0,24.0,22.0,12.0,20.0,5.0,8.0,17.0,19.0,0.0,10.0,0.03673431734317343,0.5316326530612245,0.06909718041518226
60,Oakwood,60,552.0,46.0,98.0,39.0,64.0,36.0,37.0,24.0,48.0,25.0,19.0,18.0,33.0,26.0,15.0,13.0,12.0,12.0,22.0,25.0,73.0,41.0,16.0,15.0,51.0,25.0,20.0,14.0,25.0,16.0,7.0,8.0,12.0,14.0,0.03294384057971015,0.4817567567567567,0.06838272658901967
61,Overbrook,61,1594.0,104.144130896,106.0,53.1883445879,70.0,31.7490157328,62.0,26.8886593196,146.0,56.2494444417,113.0,47.0531614241,85.0,38.3927076409,131.0,44.9666543118,49.0,25.3968501984,60.0,30.1827765456,190.0,67.7716754995,199.0,59.4642749892,178.0,56.4092191046,120.0,44.9221548905,35.0,33.1058907145,46.0,28.6181760425,4.0,21.1896201004,0.03991217063989962,0.5855555555555555,0.06816120223132764
30,Elliott,30,953.0,120.370262109,143.0,70.5832841401,89.0,51.4392845985,79.0,53.7959106253,66.0,48.8364617883,104.0,69.4694177318,59.0,35.5808937493,0.0,17.3205080757,28.0,23.0867927612,65.0,43.1045241245,59.0,35.2845575288,68.0,37.2290209379,75.0,36.5650105976,47.0,31.1769145363,51.0,46.9574275275,20.0,22.1133443875,0.0,17.3205080757,0.03257082896117523,0.48063583815028904,0.06776612640148304
91,Windgap,91,647.0,100.124921973,51.0,32.2024843762,36.0,44.9221548904,19.0,20.591260282,9.0,11.313708499,42.0,45.5411901469,21.0,24.6981780705,42.0,25.5538646784,35.0,33.9558536927,76.0,54.7813836992,56.0,32.2024843762,84.0,43.931765273,136.0,67.2681202354,26.0,23.4093998214,14.0,15.2643375225,0.0,14.1421356237,0.0,14.1421356237,0.039605873261205564,0.5853260869565218,0.06766463026984051
25,Duquesne Heights,25,1170.0,125.207827231,78.0,47.1699056603,41.0,29.5465734054,63.0,36.8917334914,68.0,34.0587727319,87.0,42.4499705536,52.0,45.1774279923,28.0,25.495097568,10.0,19.7230829233,89.0,56.6038867923,54.0,32.5269119346,88.0,45.343136195,228.0,91.5860251348,110.0,62.2012861603,37.0,26.8700576851,91.0,58.8217646794,46.0,33.5261092285,0.05160683760683761,0.7677514792899408,0.06721815457075574
6,Banksville,6,1946.0,229.222599235,51.0,43.5889894354,72.0,75.8221603491,155.0,83.048178788,45.0,44.1021541424,49.0,43.0464865001,176.0,124.120908795,140.0,104.211323761,82.0,59.7829407105,45.0,40.1123422403,201.0,91.0823802939,284.0,136.926987844,251.0,108.189648303,126.0,71.337227308,156.0,91.2852671574,64.0,45.44227107,49.0,53.310411741,0.04909558067831449,0.7350738916256156,0.06678999381917868
39,Hazelwood,39,1870.0,201.881153157,452.0,142.207594734,284.0,102.752128932,135.0,78.2368199763,71.0,46.0868744872,135.0,59.9583188557,76.0,39.8246155035,67.0,43.783558558,70.0,68.9274981412,31.0,34.6121365998,118.0,52.2398315464,167.0,73.0616178305,86.0,48.0208288142,45.0,38.7298334621,53.0,46.0977222865,35.0,32.3882694815,45.0,55.0454357781,0.02821122994652406,0.4225563909774436,0.06676323101223666
78,Squirrel Hill South,78,7211.0,332.601864095,544.0,176.912407705,482.0,142.161879559,487.0,155.074175799,370.0,128.105425334,511.0,149.679657936,139.0,72.090221251,290.0,122.482651833,277.0,120.158229015,135.0,73.6885337078,390.0,142.003521082,682.0,172.597798364,741.0,166.427161244,574.0,152.715421618,352.0,104.009614941,416.0,112.507777509,821.0,165.372307234,0.055447233393426706,0.8311840717299579,0.066708729485183
32,Fairywood,32,428.0,81.0,4.0,6.0,24.0,39.0,9.0,14.0,12.0,14.0,16.0,17.0,9.0,15.0,7.0,12.0,9.0,15.0,0.0,10.0,7.0,11.0,80.0,48.0,154.0,69.0,79.0,56.0,10.0,15.0,0.0,10.0,8.0,13.0,0.054065420560747667,0.8149595687331537,0.06634123045489461
18,Central Lawrenceville,18,2338.0,171.57214226,231.0,90.6917857361,65.0,34.2344855373,167.0,77.7624588089,108.0,54.6076917659,151.0,55.6327241828,101.0,43.6119249747,65.0,48.9795875851,95.0,40.8044115262,105.0,56.1248608016,271.0,89.185200566,243.0,74.7328575662,340.0,96.5194280961,228.0,76.3937170191,75.0,38.6781592117,47.0,33.4215499342,46.0,30.083217913,0.0430945252352438,0.6507950530035335,0.06621827414998777
16,Carrick,16,4301.0,277.613040039,399.0,137.884009226,331.0,107.182088055,238.0,78.4984076272,395.0,115.013042738,291.0,91.8912400614,315.0,95.963534741,274.0,90.4101764183,228.0,90.2219485491,185.0,65.2456895127,400.0,110.566721938,489.0,128.778880256,293.0,85.8952850859,270.0,100.717426496,94.0,64.9769189789,68.0,47.3075046901,31.0,40.5709255502,0.03489537316903046,0.5315176322418137,0.0656523340944498
65,Point Breeze North,65,996.0,148.721215702,117.0,110.7655181,94.0,94.2602779542,30.0,28.7054001888,15.0,27.8567765544,57.0,46.3249392876,48.0,37.6696164037,47.0,53.7494186015,44.0,37.483329628,41.0,39.8246155035,96.0,65.1229606206,68.0,59.4474557908,149.0,65.3452370108,112.0,52.9716905526,60.0,32.6955654486,0.0,17.3205080757,18.0,27.0,0.04185240963855422,0.6593323216995448,0.06347695731140904
48,Lower Lawrenceville,48,1257.0,125.39936204,135.0,65.0,107.0,55.2177507691,86.0,44.598206242,159.0,73.0068489938,80.0,59.0338885726,44.0,28.8444102037,42.0,43.1740662898,34.0,25.9422435421,50.0,41.2310562562,118.0,61.8546683768,197.0,75.1797845169,68.0,46.1735855225,40.0,32.3109888428,39.0,30.8058436015,37.0,31.6227766017,21.0,22.803508502,0.035676213206046144,0.5690000000000001,0.0626998474622955
70,Sheraden,70,2202.0,195.269045166,199.0,93.4505216679,297.0,122.257924078,116.0,65.1152823844,206.0,84.3267454607,151.0,64.366140167,48.0,32.9696830436,92.0,61.9758017294,136.0,66.6333249958,87.0,51.8652099195,117.0,66.8879660327,302.0,92.558089868,295.0,113.978068066,121.0,73.2188500319,18.0,29.2916370318,17.0,27.3130005675,0.0,24.4948974278,0.032706630336058126,0.5399736147757256,0.06057079353709274
75,Spring Garden,75,397.0,60.811183182,53.0,26.4196896272,31.0,19.4164878389,20.0,15.2315462117,42.0,31.3209195267,22.0,16.2788205961,52.0,34.1760149813,9.0,14.1421356237,25.0,26.0,27.0,20.6155281281,22.0,15.6204993518,22.0,17.691806013,58.0,28.319604517,14.0,16.2788205961,0.0,14.1421356237,0.0,14.1421356237,0.0,14.1421356237,0.02914357682619648,0.4836283185840708,0.06026027779250141
50,Marshall-Shadeland,50,1565.0,182.655413279,205.0,81.4186710773,106.0,70.9577338984,126.0,81.443231763,84.0,46.1410879802,130.0,66.7682559305,77.0,43.2319326424,48.0,35.8608421541,102.0,62.9364759102,96.0,58.9660919513,163.0,81.6700679563,168.0,78.2368199763,192.0,84.0595027347,32.0,26.8514431641,23.0,27.0739727413,13.0,24.4131112314,0.0,22.360679775,0.031952076677316296,0.5337641357027464,0.05986179014303507
54,Mount Washington,54,4385.0,249.523545982,439.0,124.426685241,234.0,82.9638475482,296.0,104.427008001,320.0,110.779059393,262.0,95.9426912276,240.0,83.2286008533,274.0,94.8630591958,141.0,58.3009433885,103.0,61.8304132284,373.0,99.0403957989,448.0,113.300485436,604.0,133.491572767,305.0,102.854265833,121.0,53.0942558098,108.0,50.9018663705,117.0,51.8073353879,0.04079703534777651,0.6848358953053594,0.05957198743150817
31,Esplen,31,142.0,48.0,14.0,13.0,5.0,10.0,0.0,10.0,5.0,8.0,19.0,26.0,14.0,17.0,33.0,36.0,10.0,15.0,19.0,31.0,5.0,9.0,0.0,10.0,18.0,19.0,0.0,10.0,0.0,10.0,0.0,10.0,0.0,10.0,0.029823943661971827,0.5029411764705882,0.05929906926941767
26,East Allegheny,26,1302.0,155.051604313,334.0,107.540689974,142.0,67.082039325,89.0,39.8246155035,74.0,41.400483089,58.0,32.4499614792,78.0,67.6830850361,49.0,40.249223595,39.0,51.9711458407,20.0,22.360679775,139.0,65.7951365984,92.0,68.066144301,72.0,41.5932686862,23.0,25.079872408,29.0,27.2946881279,25.0,26.0,39.0,27.3130005675,0.02936251920122888,0.4973529411764706,0.05903759035137681
47,Lincoln-Lemington-Belmar,47,1959.0,154.466824917,346.0,101.656283623,242.0,84.0119039183,133.0,51.0881590977,211.0,74.2293742395,94.0,37.8549864615,158.0,70.0285656,64.0,45.9456200307,106.0,50.5470078245,53.0,29.5127091268,110.0,56.789083458,103.0,54.8452368033,137.0,54.8908006865,136.0,57.8013840665,11.0,28.7054001889,34.0,30.0499584026,21.0,23.7486841741,0.028741704951505867,0.48734375,0.05897624613325987
56,New Homestead,56,379.0,32.0,0.0,10.0,10.0,11.0,28.0,23.0,27.0,21.0,15.0,14.0,9.0,12.0,15.0,15.0,31.0,22.0,13.0,14.0,32.0,21.0,38.0,24.0,72.0,28.0,25.0,19.0,31.0,24.0,33.0,25.0,0.0,10.0,0.05296833773087072,0.9,0.058853708589856356
44,Knoxville,44,1510.0,218.716711752,291.0,133.259146028,118.0,70.0428440313,185.0,113.644181549,115.0,84.6049643934,85.0,55.3714727996,90.0,73.6953187116,26.0,29.5634909981,20.0,30.6757233004,125.0,93.2630687894,42.0,47.8434948557,164.0,87.5556965594,160.0,89.3140526457,36.0,52.2494019104,27.0,34.2344855372,26.0,30.4138126514,0.0,24.4948974278,0.02843377483443709,0.49623655913978487,0.05729883119399025
81,Strip District,81,520.0,53.0,8.0,11.0,14.0,15.0,22.0,19.0,14.0,16.0,0.0,10.0,8.0,11.0,0.0,10.0,23.0,20.0,25.0,31.0,51.0,42.0,51.0,25.0,51.0,28.0,51.0,30.0,75.0,44.0,44.0,25.0,83.0,33.0,0.0763173076923077,1.3400503778337531,0.05695107359745518
4,Arlington,4,701.0,104.465305245,70.0,42.4970587218,35.0,26.8700576851,56.0,29.0860791445,35.0,24.289915603,32.0,32.5729949498,53.0,28.6530975638,41.0,22.1133443875,41.0,35.80502758,28.0,27.440845468,66.0,36.2491379208,65.0,35.2845575287,141.0,54.2125446737,23.0,17.8044938147,6.0,16.2480768093,7.0,17.3205080757,2.0,15.0,0.03593437945791726,0.6324644549763032,0.056816441106186166
74,South Side Slopes,74,1988.0,173.329166617,95.0,50.1597448159,180.0,71.6798437499,123.0,65.4675492133,201.0,73.225678556,96.0,42.5675933077,86.0,45.8802789878,100.0,56.5331761003,174.0,70.1712191714,61.0,43.7835585579,148.0,69.6562990691,193.0,75.4320886626,221.0,74.188947964,80.0,42.5440947723,34.0,34.7275107084,132.0,65.1690110405,64.0,49.4469412603,0.043166498993963784,0.7687973997833153,0.05614808141407634
28,East Hills,28,1325.0,165.508307949,481.0,144.595988879,128.0,61.400325732,102.0,68.1615727518,35.0,24.7386337537,92.0,56.2938717801,50.0,47.5604878023,21.0,22.5831795813,51.0,38.4967531098,62.0,72.0832851638,21.0,22.5831795813,134.0,74.087785768,104.0,58.0430874437,29.0,31.3687742827,7.0,17.9164728671,0.0,17.3205080757,8.0,18.547236991,0.021230188679245282,0.3788652482269503,0.056036252410587524
87,Upper Lawrenceville,87,1287.0,137.091210513,143.0,77.1686464829,105.0,63.2534584035,80.0,58.7877538268,64.0,47.2440472441,65.0,39.5094925302,101.0,62.369864518,70.0,37.9605057922,70.0,44.2492937797,59.0,45.6727489867,181.0,90.2662727712,88.0,50.4579032462,205.0,82.0792300159,32.0,34.292856399,10.0,21.354156504,0.0,17.3205080757,14.0,27.8567765544,0.03369463869463869,0.6035398230088496,0.05582836030050106
42,Homewood South,42,1082.0,116.90166808,350.0,89.8776946745,163.0,60.2743726637,90.0,53.2822672191,45.0,31.304951685,98.0,47.8852795753,49.0,28.1069386451,25.0,23.5159520326,32.0,35.4118624192,2.0,23.1516738056,98.0,44.0794736811,64.0,31.3687742827,34.0,28.5131548588,23.0,26.7020598457,0.0,24.4948974278,9.0,21.2837966538,0.0,24.4948974278,0.01850739371534196,0.33167883211678834,0.055799140382963214
79,St. Clair,79,101.0,42.0,10.0,14.0,4.0,6.0,16.0,26.0,0.0,10.0,4.0,6.0,11.0,16.0,7.0,12.0,23.0,27.0,4.0,6.0,9.0,11.0,4.0,5.0,9.0,9.0,0.0,10.0,0.0,10.0,0.0,10.0,0.0,10.0,0.028267326732673268,0.5083333333333334,0.055607855867553964
10,Bloomfield,10,4571.0,205.494525475,521.0,117.940663047,261.0,69.9070811864,297.0,81.1110350076,258.0,76.3282385492,276.0,75.5314504031,368.0,93.2898708328,168.0,57.7408001329,328.0,91.5423399307,216.0,59.9082632031,441.0,107.424392016,362.0,98.9343216482,519.0,103.754517974,168.0,55.488737596,155.0,63.8983567864,125.0,55.8659108937,108.0,46.9254728265,0.03873003719098665,0.7077853492333901,0.05472003232750659
73,South Side Flats,73,3311.0,264.567571709,396.0,145.127530124,254.0,101.301530097,170.0,67.7200118134,161.0,80.062475605,235.0,105.399240984,116.0,77.5886589651,106.0,83.6122000668,127.0,65.398776747,96.0,53.9351462407,256.0,95.0052630121,218.0,78.0896920214,288.0,121.012396059,376.0,102.161636635,202.0,81.5291358963,159.0,89.0842298053,151.0,79.082235679,0.046836303231652075,0.8607719475277499,0.05441197679149755
88,West End,88,99.0,47.0,18.0,21.0,10.0,16.0,0.0,10.0,9.0,16.0,11.0,13.0,0.0,10.0,25.0,41.0,4.0,8.0,0.0,10.0,7.0,12.0,0.0,10.0,12.0,16.0,3.0,6.0,0.0,10.0,0.0,10.0,0.0,10.0,0.02580808080808081,0.47654320987654325,0.054156853509185116
17,Central Business District,17,1968.0,221.43847904,248.0,89.9333086237,65.0,40.4103947023,115.0,83.2165848856,96.0,70.519500849,34.0,35.1994318136,109.0,69.0072459964,35.0,37.6164857476,12.0,29.3428015023,44.0,41.3884041731,113.0,88.2383136738,275.0,117.366945943,182.0,102.08329932,120.0,54.0832691319,101.0,66.6258208206,55.0,47.8852795753,364.0,115.92670098,0.06091463414634146,1.1383439943141436,0.0535116225416929
86,Upper Hill,86,942.0,159.965621306,129.0,69.8355210477,173.0,112.58774356,41.0,31.874754901,125.0,83.1264097625,75.0,63.5924523823,22.0,38.6781592116,65.0,47.6759897642,33.0,33.5410196625,66.0,60.3158354,25.0,26.1533936613,18.0,20.6397674405,43.0,34.263683398,81.0,69.6706537934,25.0,30.7408522979,7.0,28.7228132327,14.0,36.5650105976,0.028768577494692145,0.5429594272076372,0.052984764704509926
53,Mount Oliver Borough,53,1465.0,173.890770313,356.0,119.524056156,161.0,81.1048703839,131.0,75.2196782763,36.0,30.166206258,64.0,37.5898922584,116.0,68.9420046125,48.0,50.6557005677,78.0,54.8178802947,95.0,60.6135298427,115.0,66.6783323127,67.0,54.8634668974,122.0,54.1294744108,30.0,27.9284800875,36.0,44.1588043317,0.0,20.0,10.0,23.579652245,0.02593856655290103,0.4933333333333334,0.052578175445069646
3,Allentown,3,1069.0,132.457540367,190.0,82.1340367936,78.0,42.8252262107,78.0,80.3056660517,117.0,73.6070648783,79.0,64.5445582524,64.0,49.2341345003,93.0,47.6759897643,82.0,66.9626761711,44.0,36.9864840178,57.0,42.8135492572,103.0,50.2493781056,36.0,32.0156211872,31.0,42.9418211072,14.0,27.8567765544,0.0,17.3205080757,3.0,16.2480768093,0.02579513564078578,0.49794921875000003,0.05180274347159176
1,Allegheny Center,1,870.0,93.0,147.0,57.0,115.0,54.0,30.0,21.0,56.0,33.0,39.0,32.0,84.0,50.0,16.0,14.0,9.0,10.0,81.0,41.0,68.0,32.0,68.0,38.0,73.0,39.0,26.0,18.0,25.0,25.0,12.0,17.0,21.0,21.0,0.03283908045977012,0.6373546511627907,0.05152403045911481
69,Shadyside,69,7484.0,360.919658649,1120.0,227.74327652,286.0,103.72559954,462.0,139.960708772,301.0,109.622078068,479.0,133.247889288,176.0,71.9861097712,362.0,127.247789764,287.0,101.419919148,418.0,124.639480102,649.0,146.109547942,693.0,151.026487744,508.0,124.446775773,362.0,117.366945944,324.0,113.476869889,498.0,163.758969221,559.0,112.191800057,0.04839056654195617,0.942216758085871,0.0513582104400928
72,South Shore,72,8.0,9.0,0.0,10.0,0.0,10.0,0.0,10.0,0.0,10.0,0.0,10.0,0.0,10.0,0.0,10.0,0.0,10.0,0.0,10.0,0.0,10.0,4.0,7.0,4.0,6.0,0.0,10.0,0.0,10.0,0.0,10.0,0.0,10.0,0.055,1.075,0.05116279069767442
51,Middle Hill,51,926.0,122.086035237,242.0,85.5219270129,170.0,68.0073525437,99.0,48.795491595,44.0,26.5518360947,93.0,54.083269132,28.0,19.7230829233,42.0,39.7492138287,39.0,35.8608421541,11.0,16.1864140563,42.0,31.7804971641,20.0,19.0,44.0,31.2569992162,51.0,40.0998753115,0.0,17.3205080757,1.0,14.6969384567,0.0,17.3205080757,0.019011879049676026,0.3762557077625571,0.05052914456163895
63,Perry South,63,1630.0,164.28937884,392.0,107.768269913,172.0,74.4781847254,145.0,67.7126280689,135.0,67.2532527095,71.0,40.3360880601,88.0,41.4728827068,123.0,60.5227230055,57.0,41.4246303544,74.0,60.4235053601,57.0,38.8458491991,184.0,71.4002801115,57.0,36.5650105976,48.0,48.3838816136,13.0,26.9258240357,0.0,24.4948974278,14.0,28.7054001889,0.023794478527607365,0.47190026954177894,0.050422684756489124
34,Friendship,34,1074.0,122.065556157,130.0,75.1531769122,19.0,21.2602916255,56.0,34.9857113691,103.0,63.6003144646,112.0,63.5609943283,89.0,72.5603197347,46.0,32.4499614792,45.0,36.0693775937,47.0,37.3630833845,162.0,88.2383136738,138.0,69.8569967863,44.0,59.8414572015,28.0,31.064449134,46.0,42.201895692,9.0,17.2046505341,0.0,14.1421356237,0.03366387337057729,0.6768833849329206,0.04973363820108155
41,Homewood North,41,1210.0,129.645670965,316.0,93.5040106092,160.0,71.1055553385,99.0,43.0116263352,120.0,51.594573358,55.0,34.9571165859,79.0,47.9791621436,80.0,46.5617869072,104.0,59.7243668865,29.0,23.1732604525,42.0,33.3766385366,36.0,21.6794833886,31.0,25.1594912508,23.0,24.4131112314,33.0,33.0756708171,0.0,22.360679775,3.0,20.8806130178,0.0205702479338843,0.41758620689655174,0.04925988357412425
35,Garfield,35,1571.0,116.914498673,341.0,78.4474346298,200.0,59.6992462264,149.0,54.1387107345,57.0,31.7175030543,55.0,35.6370593624,127.0,44.6654228682,72.0,34.7275107084,72.0,31.4006369362,67.0,34.684290392,144.0,59.219929078,113.0,51.6430053347,84.0,43.0464865001,43.0,28.930952283,25.0,29.4108823397,7.0,21.9317121995,15.0,19.1311264697,0.026098026734563972,0.531055900621118,0.04914365268145965
38,Hays,38,185.0,43.0,22.0,15.0,29.0,20.0,13.0,16.0,36.0,30.0,9.0,10.0,10.0,10.0,0.0,10.0,16.0,25.0,0.0,10.0,5.0,7.0,33.0,27.0,9.0,13.0,3.0,5.0,0.0,10.0,0.0,10.0,0.0,10.0,0.02402702702702703,0.4907142857142857,0.04896337385420355
15,California-Kirkbride,15,333.0,38.0,73.0,39.0,34.0,20.0,38.0,30.0,26.0,24.0,39.0,26.0,23.0,20.0,0.0,10.0,23.0,25.0,5.0,7.0,25.0,27.0,13.0,13.0,14.0,21.0,20.0,20.0,0.0,10.0,0.0,10.0,0.0,10.0,0.02226726726726727,0.45546875000000003,0.04888868285094701
85,Troy Hill,85,1158.0,147.800541271,131.0,76.8505042274,101.0,53.2541078228,86.0,50.2493781056,27.0,25.0,62.0,42.5205832509,110.0,80.4300938704,50.0,34.1760149813,107.0,60.827625303,41.0,31.6227766017,104.0,51.6236379966,54.0,37.5765884561,69.0,33.2415402772,66.0,49.0306026885,42.0,37.5366487582,26.0,30.6757233004,82.0,63.7887137353,0.042197754749568224,0.8728021978021978,0.04834744327618141
43,Homewood West,43,392.0,75.0066663704,61.0,34.4818792991,65.0,44.0113621693,74.0,41.4366987102,27.0,30.083217913,21.0,28.7923600978,53.0,27.7308492477,3.0,11.1803398875,20.0,23.769728648,12.0,23.2594066992,8.0,15.6204993518,21.0,25.079872408,27.0,24.4131112315,0.0,14.1421356237,0.0,14.1421356237,0.0,14.1421356237,0.0,14.1421356237,0.01917091836734694,0.4063106796116505,0.04718290542023261
29,East Liberty,29,2902.0,249.248871613,551.0,149.12746226,172.0,75.325958341,345.0,117.315813085,262.0,111.436080332,240.0,95.7548954363,254.0,121.453694879,244.0,89.7217922246,66.0,40.0998753116,70.0,43.8178046003,257.0,95.7026645397,120.0,66.8580586017,127.0,60.1913615064,96.0,62.5219961293,14.0,29.0516780927,43.0,38.7040049607,41.0,36.9594372251,0.026578221915920058,0.5850612244897959,0.045428103595649603
9,Beltzhoover,9,848.0,156.057681644,132.0,88.1476034841,182.0,95.5196314901,63.0,44.4409720866,23.0,26.3248931622,94.0,54.6443043693,62.0,43.5315977194,28.0,35.1710107902,50.0,43.0929228528,24.0,27.6043474836,90.0,66.0075753228,35.0,38.5875627632,43.0,36.9459064039,7.0,20.5182845286,0.0,20.0,15.0,23.1948270095,0.0,20.0,0.023166273584905656,0.5263422818791946,0.04401370435640348
58,North Shore,58,154.0,45.1220566907,0.0,14.1421356237,0.0,14.1421356237,4.0,13.4536240471,7.0,15.6204993518,0.0,14.1421356237,25.0,26.9258240357,0.0,14.1421356237,0.0,14.1421356237,0.0,14.1421356237,30.0,23.2594066992,8.0,14.8660687473,37.0,30.6757233004,30.0,25.079872408,0.0,14.1421356237,13.0,19.7230829233,0.0,14.1421356237,0.055941558441558445,1.2789473684210526,0.043740313184757636
45,Larimer,45,652.0,91.7496593999,146.0,57.5847201955,91.0,42.355637169,115.0,45.9238500128,51.0,30.1827765456,80.0,52.5547333739,42.0,25.7293606605,22.0,25.7099202644,7.0,15.8745078664,12.0,17.3205080756,8.0,19.0787840284,40.0,27.1108834234,10.0,16.8819430161,14.0,17.7763888346,0.0,20.0,10.0,17.8044938148,4.0,18.3303027798,0.018811349693251534,0.4594202898550724,0.04094584002632038
36,Glen Hazel,36,241.0,80.0,116.0,64.0,34.0,30.0,5.0,7.0,30.0,48.0,0.0,10.0,0.0,10.0,11.0,19.0,0.0,10.0,25.0,28.0,0.0,10.0,20.0,33.0,0.0,10.0,0.0,10.0,0.0,10.0,0.0,10.0,0.0,10.0,0.012448132780082987,0.3102362204724409,0.04012469195610506
24,Crawford-Roberts,24,1125.0,138.592929113,263.0,104.861813831,163.0,67.2086303982,203.0,93.5200513259,112.0,63.0317380373,61.0,47.1699056603,28.0,22.360679775,39.0,32.6955654485,11.0,18.8679622641,45.0,38.8329756779,57.0,47.2969343615,42.0,33.3016516107,56.0,62.3698645181,12.0,21.4709105536,9.0,15.6204993518,7.0,14.8660687473,17.0,21.4709105536,0.020488888888888886,0.5115654205607476,0.04005135622034457
11,Bluff,11,240.0,47.0,35.0,25.5342906696,20.0,24.9799919936,15.0,22.9128784748,17.0,20.8086520467,8.0,16.4924225024,12.0,18.3575597507,7.0,20.5182845286,37.0,29.8161030318,6.0,19.5192212959,19.0,23.8746727726,21.0,23.579652245,15.0,22.1810730128,25.0,23.5796522451,3.0,18.3303027798,0.0,20.0,0.0,20.0,0.03204166666666667,0.805483870967742,0.03977940194900548
5,Arlington Heights,5,144.0,59.0,48.0,42.0,23.0,27.0,43.0,52.0,0.0,10.0,8.0,12.0,17.0,22.0,0.0,10.0,0.0,10.0,0.0,10.0,0.0,10.0,5.0,8.0,0.0,10.0,0.0,10.0,0.0,10.0,0.0,10.0,0.0,10.0,0.009583333333333334,0.25120481927710847,0.038149480415667465
7,Bedford Dwellings,7,723.0,53.0,307.0,75.0,129.0,50.0,91.0,48.0,60.0,32.0,77.0,55.0,22.0,22.0,23.0,22.0,0.0,10.0,0.0,10.0,10.0,12.0,4.0,6.0,0.0,10.0,0.0,10.0,0.0,10.0,0.0,10.0,0.0,10.0,0.00813969571230982,0.23531746031746031,0.03459027520239586
71,South Oakland,71,1155.0,150.512457957,253.0,86.8907359849,191.0,84.5635855436,92.0,47.4341649025,36.0,31.9061122671,20.0,24.0208242989,96.0,57.8705451849,57.0,45.4532727095,35.0,36.4691650576,28.0,34.8281495345,110.0,62.1610810717,44.0,33.6749164809,29.0,26.5706605112,91.0,64.7224845011,36.0,38.4317577011,24.0,39.9499687108,13.0,27.2213151776,0.02903463203463203,0.8655099150141642,0.03354627316332578
68,Ridgemont,68,162.0,46.0,0.0,10.0,27.0,26.0,8.0,14.0,3.0,5.0,7.0,11.0,6.0,10.0,8.0,10.0,28.0,26.0,2.0,5.0,34.0,34.0,14.0,14.0,16.0,17.0,0.0,10.0,9.0,14.0,0.0,10.0,0.0,10.0,0.03666666666666667,1.1,0.03333333333333333
84,Terrace Village,84,831.0,105.271078649,278.0,78.006409993,176.0,77.220463609,108.0,55.3985559379,92.0,51.6623654124,37.0,32.5883414736,27.0,22.360679775,43.0,31.064449134,16.0,19.8997487421,12.0,15.6524758425,14.0,17.9164728672,15.0,19.8997487421,0.0,17.3205080757,0.0,17.3205080757,0.0,17.3205080757,9.0,18.547236991,4.0,15.779733838,0.012262334536702767,0.37598647125140927,0.032613765319506306
57,North Oakland,57,2972.0,230.516810666,1071.0,183.815124513,273.0,90.9670269934,149.0,67.0,176.0,123.790145004,214.0,104.752088285,95.0,54.8452368032,62.0,41.3884041731,116.0,67.394361782,173.0,86.8274150254,80.0,47.9374592568,125.0,60.6630035524,90.0,48.3632091574,92.0,53.8330753348,45.0,43.1972221329,117.0,51.7010638189,94.0,55.9910707166,0.0270407133243607,0.8366762866762867,0.032319206071658224
59,Northview Heights,59,510.0,81.0,256.0,86.0,94.0,60.0,35.0,32.0,11.0,13.0,22.0,31.0,32.0,32.0,28.0,30.0,0.0,10.0,12.0,13.0,0.0,10.0,11.0,12.0,0.0,10.0,3.0,6.0,0.0,10.0,6.0,9.0,0.0,10.0,0.009941176470588235,0.3280637254901961,0.030302577512140452
89,West Oakland,89,630.0,79.61155695,212.0,66.6483308118,58.0,41.7851648316,56.0,27.2029410175,79.0,49.4772675074,19.0,19.4164878389,34.0,31.6227766017,31.0,26.2488094968,40.0,33.1209903234,30.0,28.7923600978,6.0,9.43398113206,24.0,19.2093727123,31.0,28.231188427,0.0,14.1421356237,0.0,14.1421356237,10.0,15.6204993518,0.0,14.1421356237,0.018055555555555554,0.6707823960880196,0.02691715772634307
20,Central Oakland,20,1903.0,157.39758575,530.0,125.813353822,195.0,76.8960337078,269.0,97.0875893202,193.0,70.0357051796,86.0,50.0699510685,81.0,38.535697736,92.0,54.8725796732,61.0,54.2678542049,63.0,44.1134900002,120.0,61.0655385631,52.0,39.5600808897,94.0,60.4483250389,25.0,24.3515913238,42.0,36.0693775938,0.0,17.3205080757,0.0,17.3205080757,0.019671571203363113,0.9256676557863501,0.021251224540898762
22,Chateau,22,3.0,3.0,0.0,10.0,0.0,10.0,0.0,10.0,0.0,10.0,0.0,10.0,0.0,10.0,0.0,10.0,0.0,10.0,0.0,10.0,0.0,10.0,3.0,3.0,0.0,10.0,0.0,10.0,0.0,10.0,0.0,10.0,0.0,10.0,0.05000000000000001,,
